{"cameraMode":{"drawMode":0,"name":"Shaded","section":"Shading Mode"},"sceneLighting":true,"audioPlay":false,"sceneViewState":{"showFog":true,"showMaterialUpdate":false,"showSkybox":true,"showFlares":true,"showImageEffects":true,"showParticleSystems":true},"in2DMode":false,"pivot":{"x":-0.5644721984863281,"y":-1.1663284301757813,"z":70.78164672851563},"rotation":{"x":-0.08991207182407379,"y":-0.7013683915138245,"z":-0.08991231024265289,"w":0.7013683319091797},"size":10.0,"orthographic":false}