{"cameraMode":{"drawMode":0,"name":"Shaded","section":"Shading Mode"},"sceneLighting":true,"audioPlay":false,"sceneViewState":{"showFog":true,"showMaterialUpdate":false,"showSkybox":true,"showFlares":true,"showImageEffects":true,"showParticleSystems":true},"in2DMode":false,"pivot":{"x":-4.964765548706055,"y":-32.24867248535156,"z":94.05612182617188},"rotation":{"x":-0.04947233200073242,"y":-0.017376188188791276,"z":-0.0008608374046161771,"w":0.9986249804496765},"size":24.22308921813965,"orthographic":false}